ts_micro,frame_index,wheel
1464305124491807,0,0.5
1464305124525141,1,0.5
1464305124558474,2,0.5
1464305124591807,3,0.5
1464305124625141,4,0.5
1464305124658474,5,0
1464305124691807,6,-0.5
1464305124725141,7,-0.5
1464305124758474,8,0
1464305124791807,9,0
1464305124825141,10,0
1464305124858474,11,0
1464305124891807,12,0
1464305124925141,13,0.5
1464305124958474,14,0.5
1464305124991807,15,0.5
1464305125025141,16,0.5
1464305125058474,17,0.5
1464305125091807,18,0.5
1464305125125141,19,0.5
1464305125158474,20,0.5
1464305125191807,21,0.5
1464305125225141,22,0.5
1464305125258474,23,0.5
1464305125291807,24,0
1464305125325141,25,0
1464305125358474,26,0
1464305125391807,27,0
1464305125425141,28,0
1464305125458474,29,0
1464305125491807,30,0
1464305125525141,31,0
1464305125558474,32,0
1464305125591807,33,0
1464305125625141,34,0
1464305125658474,35,0
1464305125691807,36,0
1464305125725141,37,0
1464305125758474,38,0
1464305125791807,39,0
1464305125825141,40,0
1464305125858474,41,0
1464305125891807,42,0
1464305125925141,43,0
1464305125958474,44,0
1464305125991807,45,0
1464305126025141,46,0
1464305126058474,47,0
1464305126091807,48,0
1464305126125141,49,0
1464305126158474,50,0
1464305126191807,51,0
1464305126225141,52,0
1464305126258474,53,0
1464305126291807,54,0
1464305126325141,55,0
1464305126358474,56,0
1464305126391807,57,0
1464305126425141,58,0
1464305126458474,59,0
1464305126491807,60,0
1464305126525141,61,0
1464305126558474,62,0
1464305126591807,63,0
1464305126625141,64,0
1464305126658474,65,0.5
1464305126691807,66,0.5
1464305126725141,67,0.5
1464305126758474,68,0.5
1464305126791807,69,0.5
1464305126825141,70,0.5
1464305126858474,71,0.5
1464305126891807,72,0.5
1464305126925141,73,0.5
1464305126958474,74,0.5
1464305126991807,75,0.5
1464305127025141,76,0
1464305127058474,77,0
1464305127091807,78,0
1464305127125141,79,0
1464305127158474,80,0
1464305127191807,81,0
1464305127225141,82,0
1464305127258474,83,0
1464305127291807,84,0
1464305127325141,85,-0.5
1464305127358474,86,-0.5
1464305127391807,87,-0.5
1464305127425141,88,-0.5
1464305127458474,89,-1
1464305127491807,90,-1
1464305127525141,91,-1
1464305127558474,92,-1
1464305127591807,93,-1
1464305127625141,94,-1
1464305127658474,95,-1
1464305127691807,96,-1
1464305127725141,97,-1
1464305127758474,98,-1
1464305127791807,99,-1
1464305127825141,100,-1
1464305127858474,101,-1
1464305127891807,102,-1
1464305127925141,103,-1
1464305127958474,104,-1
1464305127991807,105,-1
1464305128025141,106,-1
1464305128058474,107,-1
1464305128091807,108,-1
1464305128125141,109,-1
1464305128158474,110,-0.5
1464305128191807,111,-0.5
1464305128225141,112,-0.5
1464305128258474,113,-0.5
1464305128291807,114,-0.5
1464305128325141,115,-0.5
1464305128358474,116,-0.5
1464305128391807,117,-0.5
1464305128425141,118,-0.5
1464305128458474,119,-0.5
1464305128491807,120,-0.5
1464305128525141,121,-0.5
1464305128558474,122,-0.5
1464305128591807,123,-0.5
1464305128625141,124,-0.5
1464305128658474,125,0
1464305128691807,126,0
1464305128725141,127,0
1464305128758474,128,0
1464305128791807,129,0
1464305128825141,130,0
1464305128858474,131,0
1464305128891807,132,0
1464305128925141,133,0
1464305128958474,134,0
1464305128991807,135,0.5
1464305129025141,136,0.5
1464305129058474,137,0.5
1464305129091807,138,0.5
1464305129125141,139,0.5
1464305129158474,140,0.5
1464305129191807,141,0.5
1464305129225141,142,0.5
1464305129258474,143,0.5
1464305129291807,144,0.5
1464305129325141,145,0.5
1464305129358474,146,0.5
1464305129391807,147,0.5
1464305129425141,148,0.5
1464305129458474,149,0.5
1464305129491807,150,0.5
1464305129525141,151,0.5
1464305129558474,152,0.5
1464305129591807,153,0.5
1464305129625141,154,0.5
1464305129658474,155,0.5
1464305129691807,156,0.5
1464305129725141,157,0
1464305129758474,158,0
1464305129791807,159,0
1464305129825141,160,0
1464305129858474,161,0
1464305129891807,162,0
1464305129925141,163,0
1464305129958474,164,0
1464305129991807,165,0
1464305130025141,166,-0.5
1464305130058474,167,-0.5
1464305130091807,168,-0.5
1464305130125141,169,-0.5
1464305130158474,170,-0.5
1464305130191807,171,-0.5
1464305130225141,172,-0.5
1464305130258474,173,-0.5
1464305130291807,174,-0.5
1464305130325141,175,-0.5
1464305130358474,176,-0.5
1464305130391807,177,-0.5
1464305130425141,178,-0.5
1464305130458474,179,-0.5
1464305130491807,180,-0.5
1464305130525141,181,-0.5
1464305130558474,182,-0.5
1464305130591807,183,-0.5
1464305130625141,184,-0.5
1464305130658474,185,-0.5
1464305130691807,186,-0.5
1464305130725141,187,0
1464305130758474,188,0
1464305130791807,189,0
1464305130825141,190,0
1464305130858474,191,0
1464305130891807,192,0
1464305130925141,193,0
1464305130958474,194,0
1464305130991807,195,0
1464305131025141,196,0
1464305131058474,197,0
1464305131091807,198,0
1464305131125141,199,0
1464305131158474,200,0.5
1464305131191807,201,0.5
1464305131225141,202,0.5
1464305131258474,203,0.5
1464305131291807,204,0.5
1464305131325141,205,0.5
1464305131358474,206,0.5
1464305131391807,207,0.5
1464305131425141,208,0.5
1464305131458474,209,0.5
1464305131491807,210,0
1464305131525141,211,0
1464305131558474,212,0
1464305131591807,213,0
1464305131625141,214,0
1464305131658474,215,0
1464305131691807,216,0
1464305131725141,217,0
1464305131758474,218,0
1464305131791807,219,0
1464305131825141,220,-0.5
1464305131858474,221,-0.5
1464305131891807,222,-0.5
1464305131925141,223,-0.5
1464305131958474,224,-0.5
1464305131991807,225,-1
1464305132025141,226,-1
1464305132058474,227,-1
1464305132091807,228,-1
1464305132125141,229,-1
1464305132158474,230,-1
1464305132191807,231,-1
1464305132225141,232,-1
1464305132258474,233,-1
1464305132291807,234,-1
1464305132325141,235,-0.5
1464305132358474,236,-0.5
1464305132391807,237,-0.5
1464305132425141,238,-0.5
1464305132458474,239,-0.5
1464305132491807,240,-0.5
1464305132525141,241,0
1464305132558474,242,0
1464305132591807,243,0.5
1464305132625141,244,0.5
1464305132658474,245,0.5
1464305132691807,246,0.5
1464305132725141,247,0.5
1464305132758474,248,0.5
1464305132791807,249,0.5
1464305132825141,250,0.5
1464305132858474,251,0.5
1464305132891807,252,0.5
1464305132925141,253,0.5
1464305132958474,254,0.5
1464305132991807,255,0.5
1464305133025141,256,0.5
1464305133058474,257,0.5
1464305133091807,258,0.5
1464305133125141,259,0.5
1464305133158474,260,0.5
1464305133191807,261,0.5
1464305133225141,262,0.5
1464305133258474,263,0.5
1464305133291807,264,0.5
1464305133325141,265,0.5
1464305133358474,266,0.5
1464305133391807,267,0.5
1464305133425141,268,0.5
1464305133458474,269,0.5
1464305133491807,270,0.5
1464305133525141,271,0.5
1464305133558474,272,0.5
1464305133591807,273,0.5
1464305133625141,274,0.5
1464305133658474,275,0.5
1464305133691807,276,0.5
1464305133725141,277,0.5
1464305133758474,278,0.5
1464305133791807,279,0.5
1464305133825141,280,0.5
1464305133858474,281,0.5
1464305133891807,282,0.5
1464305133925141,283,0.5
1464305133958474,284,0.5
1464305133991807,285,0
1464305134025141,286,0
1464305134058474,287,0
1464305134091807,288,0
1464305134125141,289,0
1464305134158474,290,0
1464305134191807,291,-0.5
1464305134225141,292,-0.5
1464305134258474,293,-0.5
1464305134291807,294,-0.5
1464305134325141,295,-0.5
1464305134358474,296,-0.5
1464305134391807,297,-0.5
1464305134425141,298,-0.5
1464305134458474,299,-0.5
1464305134491807,300,-0.5
1464305134525141,301,-0.5
1464305134558474,302,-0.5
1464305134591807,303,-0.5
1464305134625141,304,-0.5
1464305134658474,305,-0.5
1464305134691807,306,0
1464305134725141,307,0
1464305134758474,308,0
1464305134791807,309,0
1464305134825141,310,0
1464305134858474,311,0
1464305134891807,312,0
1464305134925141,313,0
1464305134958474,314,0
1464305134991807,315,0
1464305135025141,316,0
1464305135058474,317,0.5
1464305135091807,318,0.5
1464305135125141,319,0.5
1464305135158474,320,0.5
1464305135191807,321,0.5
1464305135225141,322,0.5
1464305135258474,323,0.5
1464305135291807,324,0.5
1464305135325141,325,0.5
1464305135358474,326,0.5
1464305135391807,327,0
1464305135425141,328,0
1464305135458474,329,0
1464305135491807,330,0
1464305135525141,331,0
1464305135558474,332,0
1464305135591807,333,0
1464305135625141,334,0
1464305135658474,335,0
1464305135691807,336,0
1464305135725141,337,0
1464305135758474,338,0
1464305135791807,339,0
1464305135825141,340,0
1464305135858474,341,0
1464305135891807,342,0
1464305135925141,343,0.5
1464305135958474,344,0.5
1464305135991807,345,0.5
1464305136025141,346,0.5
1464305136058474,347,0.5
1464305136091807,348,0.5
1464305136125141,349,0.5
1464305136158474,350,0.5
1464305136191807,351,0.5
1464305136225141,352,0.5
1464305136258474,353,0.5
1464305136291807,354,0.5
1464305136325141,355,0.5
1464305136358474,356,0.5
1464305136391807,357,0.5
1464305136425141,358,0.5
1464305136458474,359,0.5
1464305136491807,360,0
1464305136525141,361,0
1464305136558474,362,0
1464305136591807,363,0
1464305136625141,364,0
1464305136658474,365,0
1464305136691807,366,0
1464305136725141,367,0
1464305136758474,368,0
1464305136791807,369,0
1464305136825141,370,-0.5
1464305136858474,371,-0.5
1464305136891807,372,-0.5
1464305136925141,373,-0.5
1464305136958474,374,-0.5
1464305136991807,375,-0.5
1464305137025141,376,-0.5
1464305137058474,377,-0.5
1464305137091807,378,-0.5
1464305137125141,379,0
1464305137158474,380,0
1464305137191807,381,0
1464305137225141,382,0
1464305137258474,383,0
1464305137291807,384,0
1464305137325141,385,0
1464305137358474,386,0
1464305137391807,387,0
1464305137425141,388,0
1464305137458474,389,0.5
1464305137491807,390,0.5
1464305137525141,391,0.5
1464305137558474,392,0.5
1464305137591807,393,0.5
1464305137625141,394,0.5
1464305137658474,395,0.5
1464305137691807,396,0.5
1464305137725141,397,0
1464305137758474,398,0
1464305137791807,399,0
1464305137825141,400,0
1464305137858474,401,0
1464305137891807,402,0
1464305137925141,403,0
1464305137958474,404,0
1464305137991807,405,0
1464305138025141,406,0
1464305138058474,407,0
1464305138091807,408,0
1464305138125141,409,0
1464305138158474,410,0
1464305138191807,411,0
1464305138225141,412,0
1464305138258474,413,0
1464305138291807,414,0
1464305138325141,415,0
1464305138358474,416,0
1464305138391807,417,0
1464305138425141,418,0
1464305138458474,419,0
1464305138491807,420,0
1464305138525141,421,0
1464305138558474,422,0
1464305138591807,423,-0.5
1464305138625141,424,-0.5
1464305138658474,425,-0.5
1464305138691807,426,-0.5
1464305138725141,427,-0.5
1464305138758474,428,-0.5
1464305138791807,429,-0.5
1464305138825141,430,-0.5
1464305138858474,431,-0.5
1464305138891807,432,-0.5
1464305138925141,433,-0.5
1464305138958474,434,-0.5
1464305138991807,435,-0.5
1464305139025141,436,-0.5
1464305139058474,437,-0.5
1464305139091807,438,-0.5
1464305139125141,439,-0.5
1464305139158474,440,-0.5
1464305139191807,441,-0.5
1464305139225141,442,-0.5
1464305139258474,443,-0.5
1464305139291807,444,-0.5
1464305139325141,445,-0.5
1464305139358474,446,-0.5
1464305139391807,447,-0.5
1464305139425141,448,-0.5
1464305139458474,449,-0.5
1464305139491807,450,-0.5
1464305139525141,451,-0.5
1464305139558474,452,-0.5
1464305139591807,453,-0.5
1464305139625141,454,-0.5
1464305139658474,455,-0.5
1464305139691807,456,-0.5
1464305139725141,457,-0.5
1464305139758474,458,-0.5
1464305139791807,459,-0.5
1464305139825141,460,-0.5
1464305139858474,461,-0.5
1464305139891807,462,-0.5
1464305139925141,463,-0.5
1464305139958474,464,-0.5
1464305139991807,465,-0.5
1464305140025141,466,-1
1464305140058474,467,-1
1464305140091807,468,-1
1464305140125141,469,-1
1464305140158474,470,-1
1464305140191807,471,-1
1464305140225141,472,-1
1464305140258474,473,-1
1464305140291807,474,-1
1464305140325141,475,-1
1464305140358474,476,-1
1464305140391807,477,-1
1464305140425141,478,-1
1464305140458474,479,-1
1464305140491807,480,-1
1464305140525141,481,-1
1464305140558474,482,-1
1464305140591807,483,-1
1464305140625141,484,-1
1464305140658474,485,-1
1464305140691807,486,-1
1464305140725141,487,-1
1464305140758474,488,-1
1464305140791807,489,-1
1464305140825141,490,-1
1464305140858474,491,-1
1464305140891807,492,-1
1464305140925141,493,-1
1464305140958474,494,-1
1464305140991807,495,-1
1464305141025141,496,-1
1464305141058474,497,-1
1464305141091807,498,-1
1464305141125141,499,-1
1464305141158474,500,-1
1464305141191807,501,-1
1464305141225141,502,-1
1464305141258474,503,-1
1464305141291807,504,-1.5
1464305141325141,505,-1.5
1464305141358474,506,-1.5
1464305141391807,507,-1.5
1464305141425141,508,-1.5
1464305141458474,509,-1.5
1464305141491807,510,-1.5
1464305141525141,511,-2
1464305141558474,512,-2
1464305141591807,513,-2
1464305141625141,514,-2
1464305141658474,515,-2
1464305141691807,516,-2
1464305141725141,517,-2
1464305141758474,518,-2
1464305141791807,519,-2
1464305141825141,520,-2
1464305141858474,521,-2
1464305141891807,522,-2
1464305141925141,523,-2
1464305141958474,524,-2
1464305141991807,525,-2
1464305142025141,526,-2
1464305142058474,527,-2
1464305142091807,528,-2
1464305142125141,529,-2
1464305142158474,530,-2
1464305142191807,531,-2
1464305142225141,532,-2
1464305142258474,533,-2
1464305142291807,534,-2
1464305142325141,535,-2
1464305142358474,536,-2
1464305142391807,537,-2
1464305142425141,538,-2
1464305142458474,539,-2
1464305142491807,540,-2
1464305142525141,541,-2
1464305142558474,542,-2
1464305142591807,543,-2
1464305142625141,544,-2
1464305142658474,545,-2
1464305142691807,546,-2
1464305142725141,547,-2
1464305142758474,548,-2
1464305142791807,549,-2
1464305142825141,550,-2
1464305142858474,551,-2
1464305142891807,552,-2
1464305142925141,553,-2
1464305142958474,554,-2
1464305142991807,555,-2
1464305143025141,556,-2
1464305143058474,557,-2
1464305143091807,558,-2
1464305143125141,559,-2
1464305143158474,560,-2
1464305143191807,561,-2
1464305143225141,562,-2
1464305143258474,563,-2
1464305143291807,564,-2
1464305143325141,565,-2.5
1464305143358474,566,-2.5
1464305143391807,567,-2.5
1464305143425141,568,-2.5
1464305143458474,569,-2.5
1464305143491807,570,-2.5
1464305143525141,571,-2.5
1464305143558474,572,-2.5
1464305143591807,573,-2.5
1464305143625141,574,-2.5
1464305143658474,575,-2.5
1464305143691807,576,-2.5
1464305143725141,577,-2.5
1464305143758474,578,-2
1464305143791807,579,-2
1464305143825141,580,-2
1464305143858474,581,-2
1464305143891807,582,-2
1464305143925141,583,-2
1464305143958474,584,-2
1464305143991807,585,-2
1464305144025141,586,-2
1464305144058474,587,-2
1464305144091807,588,-2
1464305144125141,589,-2
1464305144158474,590,-2
1464305144191807,591,-2
1464305144225141,592,-2
1464305144258474,593,-2
1464305144291807,594,-2
1464305144325141,595,-2
1464305144358474,596,-2
1464305144391807,597,-2
1464305144425141,598,-2
1464305144458474,599,-2
1464305144491807,600,-2.5
1464305144525141,601,-2.5
1464305144558474,602,-2.5
1464305144591807,603,-2.5
1464305144625141,604,-2.5
1464305144658474,605,-2.5
1464305144691807,606,-2.5
1464305144725141,607,-2.5
1464305144758474,608,-2.5
1464305144791807,609,-2.5
1464305144825141,610,-2.5
1464305144858474,611,-2.5
1464305144891807,612,-2.5
1464305144925141,613,-2.5
1464305144958474,614,-2.5
1464305144991807,615,-2.5
1464305145025141,616,-2.5
1464305145058474,617,-2
1464305145091807,618,-2
1464305145125141,619,-2
1464305145158474,620,-2
1464305145191807,621,-2
1464305145225141,622,-2
1464305145258474,623,-2
1464305145291807,624,-2
1464305145325141,625,-2
1464305145358474,626,-2
1464305145391807,627,-2
1464305145425141,628,-2
1464305145458474,629,-2
1464305145491807,630,-1.5
1464305145525141,631,-1.5
1464305145558474,632,-1.5
1464305145591807,633,-1.5
1464305145625141,634,-1.5
1464305145658474,635,-1.5
1464305145691807,636,-1.5
1464305145725141,637,-1.5
1464305145758474,638,-1.5
1464305145791807,639,-2
1464305145825141,640,-2
1464305145858474,641,-2
1464305145891807,642,-2
1464305145925141,643,-2
1464305145958474,644,-2
1464305145991807,645,-2
1464305146025141,646,-2
1464305146058474,647,-2
1464305146091807,648,-2
1464305146125141,649,-2
1464305146158474,650,-2
1464305146191807,651,-2
1464305146225141,652,-2
1464305146258474,653,-2
1464305146291807,654,-2
1464305146325141,655,-2
1464305146358474,656,-2
1464305146391807,657,-2
1464305146425141,658,-2
1464305146458474,659,-2
1464305146491807,660,-2
1464305146525141,661,-2
1464305146558474,662,-1.5
1464305146591807,663,-1.5
1464305146625141,664,-1.5
1464305146658474,665,-1.5
1464305146691807,666,-1.5
1464305146725141,667,-1.5
1464305146758474,668,-1
1464305146791807,669,-1
1464305146825141,670,-1
1464305146858474,671,-1
1464305146891807,672,-1
1464305146925141,673,-1
1464305146958474,674,-1
1464305146991807,675,-1
1464305147025141,676,-0.5
1464305147058474,677,-0.5
1464305147091807,678,-0.5
1464305147125141,679,-0.5
1464305147158474,680,-1
1464305147191807,681,-1
1464305147225141,682,-1
1464305147258474,683,-1
1464305147291807,684,-1
1464305147325141,685,-1
1464305147358474,686,-1
1464305147391807,687,-1
1464305147425141,688,-1
1464305147458474,689,-1.5
1464305147491807,690,-1.5
1464305147525141,691,-1.5
1464305147558474,692,-1.5
1464305147591807,693,-1.5
1464305147625141,694,-1.5
1464305147658474,695,-1.5
1464305147691807,696,-1.5
1464305147725141,697,-1.5
1464305147758474,698,-1.5
1464305147791807,699,-1.5
1464305147825141,700,-1.5
1464305147858474,701,-1.5
1464305147891807,702,-1.5
1464305147925141,703,-1.5
1464305147958474,704,-1.5
1464305147991807,705,-1.5
1464305148025141,706,-1.5
1464305148058474,707,-1.5
1464305148091807,708,-1.5
1464305148125141,709,-1.5
1464305148158474,710,-1.5
1464305148191807,711,-1.5
1464305148225141,712,-1.5
1464305148258474,713,-1.5
1464305148291807,714,-1.5
1464305148325141,715,-1.5
1464305148358474,716,-1.5
1464305148391807,717,-1.5
1464305148425141,718,-1.5
1464305148458474,719,-1.5
1464305148491807,720,-1.5
1464305148525141,721,-1.5
1464305148558474,722,-1.5
1464305148591807,723,-1.5
1464305148625141,724,-1.5
1464305148658474,725,-1.5
1464305148691807,726,-1.5
1464305148725141,727,-1.5
1464305148758474,728,-1.5
1464305148791807,729,-1.5
1464305148825141,730,-1.5
1464305148858474,731,-1.5
1464305148891807,732,-1.5
1464305148925141,733,-1.5
1464305148958474,734,-1.5
1464305148991807,735,-1.5
1464305149025141,736,-1.5
1464305149058474,737,-1.5
1464305149091807,738,-1.5
1464305149125141,739,-1.5
1464305149158474,740,-1.5
1464305149191807,741,-1.5
1464305149225141,742,-1.5
1464305149258474,743,-2
1464305149291807,744,-2
1464305149325141,745,-2
1464305149358474,746,-2
1464305149391807,747,-2
1464305149425141,748,-2
1464305149458474,749,-2
1464305149491807,750,-2
1464305149525141,751,-2
1464305149558474,752,-2
1464305149591807,753,-2
1464305149625141,754,-2
1464305149658474,755,-2
1464305149691807,756,-2
1464305149725141,757,-2
1464305149758474,758,-2
1464305149791807,759,-2
1464305149825141,760,-2
1464305149858474,761,-2
1464305149891807,762,-2
1464305149925141,763,-2
1464305149958474,764,-2
1464305149991807,765,-2
1464305150025141,766,-2
1464305150058474,767,-2
1464305150091807,768,-2
1464305150125141,769,-2
1464305150158474,770,-2
1464305150191807,771,-2
1464305150225141,772,-2
1464305150258474,773,-2
1464305150291807,774,-2
1464305150325141,775,-2
1464305150358474,776,-2
1464305150391807,777,-2
1464305150425141,778,-2
1464305150458474,779,-2
1464305150491807,780,-2
1464305150525141,781,-2
1464305150558474,782,-2
1464305150591807,783,-2
1464305150625141,784,-2
1464305150658474,785,-2
1464305150691807,786,-2.5
1464305150725141,787,-2.5
1464305150758474,788,-2.5
1464305150791807,789,-2.5
1464305150825141,790,-2.5
1464305150858474,791,-2.5
1464305150891807,792,-2.5
1464305150925141,793,-2.5
1464305150958474,794,-2.5
1464305150991807,795,-2.5
1464305151025141,796,-2.5
1464305151058474,797,-2.5
1464305151091807,798,-2.5
1464305151125141,799,-2.5
1464305151158474,800,-2
1464305151191807,801,-2
1464305151225141,802,-2
1464305151258474,803,-2
1464305151291807,804,-2
1464305151325141,805,-2
1464305151358474,806,-2
1464305151391807,807,-2
1464305151425141,808,-2
1464305151458474,809,-2
1464305151491807,810,-2
1464305151525141,811,-2
1464305151558474,812,-2
1464305151591807,813,-2
1464305151625141,814,-2
1464305151658474,815,-2
1464305151691807,816,-2
1464305151725141,817,-2
1464305151758474,818,-2
1464305151791807,819,-2
1464305151825141,820,-2
1464305151858474,821,-2
1464305151891807,822,-2
1464305151925141,823,-2
1464305151958474,824,-2
1464305151991807,825,-2
1464305152025141,826,-2
1464305152058474,827,-2.5
1464305152091807,828,-2.5
1464305152125141,829,-2.5
1464305152158474,830,-2.5
1464305152191807,831,-2.5
1464305152225141,832,-2.5
1464305152258474,833,-2.5
1464305152291807,834,-2.5
1464305152325141,835,-2.5
1464305152358474,836,-2.5
1464305152391807,837,-2.5
1464305152425141,838,-2.5
1464305152458474,839,-2.5
1464305152491807,840,-2.5
1464305152525141,841,-2.5
1464305152558474,842,-2.5
1464305152591807,843,-2.5
1464305152625141,844,-2.5
1464305152658474,845,-2.5
1464305152691807,846,-2.5
1464305152725141,847,-2.5
1464305152758474,848,-3
1464305152791807,849,-3
1464305152825141,850,-2.5
1464305152858474,851,-2.5
1464305152891807,852,-2.5
1464305152925141,853,-2.5
1464305152958474,854,-2.5
1464305152991807,855,-2.5
1464305153025141,856,-2.5
1464305153058474,857,-2.5
1464305153091807,858,-2.5
1464305153125141,859,-2.5
1464305153158474,860,-2.5
1464305153191807,861,-2.5
1464305153225141,862,-2.5
1464305153258474,863,-2.5
1464305153291807,864,-2.5
1464305153325141,865,-2.5
1464305153358474,866,-2
1464305153391807,867,-2
1464305153425141,868,-2
1464305153458474,869,-1.5
1464305153491807,870,-1.5
1464305153525141,871,-1.5
1464305153558474,872,-1.5
1464305153591807,873,-1.5
1464305153625141,874,-1.5
1464305153658474,875,-1.5
1464305153691807,876,-1.5
1464305153725141,877,-1.5
1464305153758474,878,-1.5
1464305153791807,879,-1.5
1464305153825141,880,-1.5
1464305153858474,881,-1.5
1464305153891807,882,-1.5
1464305153925141,883,-1.5
1464305153958474,884,-1.5
1464305153991807,885,-1.5
1464305154025141,886,-1.5
1464305154058474,887,-1.5
1464305154091807,888,-1.5
1464305154125141,889,-1.5
1464305154158474,890,-1.5
1464305154191807,891,-1.5
1464305154225141,892,-1.5
1464305154258474,893,-1.5
1464305154291807,894,-1.5
1464305154325141,895,-1.5
1464305154358474,896,-2
1464305154391807,897,-2
1464305154425141,898,-2
1464305154458474,899,-2
1464305154491807,900,-2
1464305154525141,901,-2
1464305154558474,902,-2
1464305154591807,903,-2
1464305154625141,904,-2
1464305154658474,905,-2
1464305154691807,906,-2
1464305154725141,907,-2
1464305154758474,908,-2
1464305154791807,909,-2
1464305154825141,910,-2
1464305154858474,911,-2
1464305154891807,912,-2
1464305154925141,913,-2
1464305154958474,914,-2
1464305154991807,915,-2
1464305155025141,916,-2
1464305155058474,917,-2
1464305155091807,918,-2
1464305155125141,919,-2
1464305155158474,920,-2
1464305155191807,921,-2
1464305155225141,922,-2
1464305155258474,923,-2
1464305155291807,924,-1.5
1464305155325141,925,-1.5
1464305155358474,926,-1.5
1464305155391807,927,-1.5
1464305155425141,928,-1.5
1464305155458474,929,-1.5
1464305155491807,930,-1.5
1464305155525141,931,-1.5
1464305155558474,932,-1.5
1464305155591807,933,-1.5
1464305155625141,934,-1.5
1464305155658474,935,-1.5
1464305155691807,936,-1.5
1464305155725141,937,-1.5
1464305155758474,938,-1.5
1464305155791807,939,-1.5
1464305155825141,940,-1.5
1464305155858474,941,-1.5
1464305155891807,942,-1.5
1464305155925141,943,-1.5
1464305155958474,944,-1.5
1464305155991807,945,-1.5
1464305156025141,946,-1.5
1464305156058474,947,-1.5
1464305156091807,948,-1.5
1464305156125141,949,-1.5
1464305156158474,950,-1.5
1464305156191807,951,-1.5
1464305156225141,952,-1.5
1464305156258474,953,-2
1464305156291807,954,-2
1464305156325141,955,-2
1464305156358474,956,-2
1464305156391807,957,-2
1464305156425141,958,-2.5
1464305156458474,959,-2.5
1464305156491807,960,-2.5
1464305156525141,961,-2.5
1464305156558474,962,-2.5
1464305156591807,963,-2.5
1464305156625141,964,-2.5
1464305156658474,965,-2.5
1464305156691807,966,-2.5
1464305156725141,967,-2.5
1464305156758474,968,-2.5
1464305156791807,969,-2
1464305156825141,970,-2
1464305156858474,971,-2
1464305156891807,972,-2
1464305156925141,973,-2
1464305156958474,974,-2
1464305156991807,975,-2
1464305157025141,976,-2
1464305157058474,977,-2
1464305157091807,978,-2
1464305157125141,979,-2
1464305157158474,980,-2
1464305157191807,981,-2
1464305157225141,982,-2
1464305157258474,983,-2
1464305157291807,984,-2
1464305157325141,985,-2
1464305157358474,986,-2
1464305157391807,987,-1.5
1464305157425141,988,-1.5
1464305157458474,989,-1.5
1464305157491807,990,-1.5
1464305157525141,991,-1.5
1464305157558474,992,-1.5
1464305157591807,993,-1.5
1464305157625141,994,-1.5
1464305157658474,995,-1.5
1464305157691807,996,-1.5
1464305157725141,997,-1.5
1464305157758474,998,-1.5
1464305157791807,999,-1.5
1464305157825141,1000,-1.5
1464305157858474,1001,-1.5
1464305157891807,1002,-1.5
1464305157925141,1003,-1.5
1464305157958474,1004,-1.5
1464305157991807,1005,-1.5
1464305158025141,1006,-1.5
1464305158058474,1007,-1.5
1464305158091807,1008,-1.5
1464305158125141,1009,-1.5
1464305158158474,1010,-1.5
1464305158191807,1011,-1.5
1464305158225141,1012,-1.5
1464305158258474,1013,-1.5
1464305158291807,1014,-1.5
1464305158325141,1015,-1
1464305158358474,1016,-1
1464305158391807,1017,-1
1464305158425141,1018,-1
1464305158458474,1019,-1
1464305158491807,1020,-1
1464305158525141,1021,-1
1464305158558474,1022,-1
1464305158591807,1023,-1
1464305158625141,1024,-1
1464305158658474,1025,-1
1464305158691807,1026,-1
1464305158725141,1027,-1
1464305158758474,1028,-1
1464305158791807,1029,-1
1464305158825141,1030,-1
1464305158858474,1031,-1
1464305158891807,1032,-1
1464305158925141,1033,-1
1464305158958474,1034,-1
1464305158991807,1035,-1.5
1464305159025141,1036,-1.5
1464305159058474,1037,-1.5
1464305159091807,1038,-1.5
1464305159125141,1039,-2
1464305159158474,1040,-2
1464305159191807,1041,-2
1464305159225141,1042,-2
1464305159258474,1043,-2.5
1464305159291807,1044,-2.5
1464305159325141,1045,-2.5
1464305159358474,1046,-2.5
1464305159391807,1047,-2.5
1464305159425141,1048,-2.5
1464305159458474,1049,-2.5
1464305159491807,1050,-2.5
1464305159525141,1051,-2.5
1464305159558474,1052,-2.5
1464305159591807,1053,-2.5
1464305159625141,1054,-2.5
1464305159658474,1055,-2.5
1464305159691807,1056,-2.5
1464305159725141,1057,-2.5
1464305159758474,1058,-2.5
1464305159791807,1059,-2.5
1464305159825141,1060,-2.5
1464305159858474,1061,-2.5
1464305159891807,1062,-2.5
1464305159925141,1063,-2.5
1464305159958474,1064,-2.5
1464305159991807,1065,-2.5
1464305160025141,1066,-2.5
1464305160058474,1067,-2.5
1464305160091807,1068,-2.5
1464305160125141,1069,-2.5
1464305160158474,1070,-2.5
1464305160191807,1071,-2.5
1464305160225141,1072,-2.5
1464305160258474,1073,-2.5
1464305160291807,1074,-2.5
1464305160325141,1075,-2.5
1464305160358474,1076,-2.5
1464305160391807,1077,-2.5
1464305160425141,1078,-2.5
1464305160458474,1079,-2.5
1464305160491807,1080,-2.5
1464305160525141,1081,-2.5
1464305160558474,1082,-2.5
1464305160591807,1083,-2
1464305160625141,1084,-2
1464305160658474,1085,-2
1464305160691807,1086,-2
1464305160725141,1087,-2
1464305160758474,1088,-2
1464305160791807,1089,-2
1464305160825141,1090,-2
1464305160858474,1091,-2
1464305160891807,1092,-2
1464305160925141,1093,-2
1464305160958474,1094,-2
1464305160991807,1095,-2
1464305161025141,1096,-2
1464305161058474,1097,-2
1464305161091807,1098,-2
1464305161125141,1099,-2
1464305161158474,1100,-2
1464305161191807,1101,-2
1464305161225141,1102,-2
1464305161258474,1103,-2
1464305161291807,1104,-2
1464305161325141,1105,-2
1464305161358474,1106,-2
1464305161391807,1107,-2
1464305161425141,1108,-2
1464305161458474,1109,-2
1464305161491807,1110,-2
1464305161525141,1111,-2
1464305161558474,1112,-2
1464305161591807,1113,-2.5
1464305161625141,1114,-2
1464305161658474,1115,-2
1464305161691807,1116,-2.5
1464305161725141,1117,-2.5
1464305161758474,1118,-2.5
1464305161791807,1119,-2.5
1464305161825141,1120,-2.5
1464305161858474,1121,-2.5
1464305161891807,1122,-2.5
1464305161925141,1123,-2.5
1464305161958474,1124,-2.5
1464305161991807,1125,-2.5
1464305162025141,1126,-2.5
1464305162058474,1127,-2.5
1464305162091807,1128,-2.5
1464305162125141,1129,-2.5
1464305162158474,1130,-2.5
1464305162191807,1131,-2.5
1464305162225141,1132,-2.5
1464305162258474,1133,-2
1464305162291807,1134,-2
1464305162325141,1135,-2
1464305162358474,1136,-2
1464305162391807,1137,-2
1464305162425141,1138,-2
1464305162458474,1139,-2
1464305162491807,1140,-2
1464305162525141,1141,-2
1464305162558474,1142,-2
1464305162591807,1143,-2
1464305162625141,1144,-2
1464305162658474,1145,-2
1464305162691807,1146,-2
1464305162725141,1147,-2
1464305162758474,1148,-2
1464305162791807,1149,-2
1464305162825141,1150,-2
1464305162858474,1151,-2
1464305162891807,1152,-2
1464305162925141,1153,-2
1464305162958474,1154,-2
1464305162991807,1155,-2
1464305163025141,1156,-2
1464305163058474,1157,-2
1464305163091807,1158,-2
1464305163125141,1159,-2
1464305163158474,1160,-2
1464305163191807,1161,-2
1464305163225141,1162,-2
1464305163258474,1163,-2
1464305163291807,1164,-2
1464305163325141,1165,-2
1464305163358474,1166,-2
1464305163391807,1167,-2
1464305163425141,1168,-2
1464305163458474,1169,-2
1464305163491807,1170,-2
1464305163525141,1171,-2
1464305163558474,1172,-2
1464305163591807,1173,-2
1464305163625141,1174,-2
1464305163658474,1175,-2
1464305163691807,1176,-2
1464305163725141,1177,-2
1464305163758474,1178,-2
1464305163791807,1179,-2.5
1464305163825141,1180,-2.5
1464305163858474,1181,-2.5
1464305163891807,1182,-2.5
1464305163925141,1183,-2.5
1464305163958474,1184,-2.5
1464305163991807,1185,-3
1464305164025141,1186,-3
1464305164058474,1187,-3
1464305164091807,1188,-3
1464305164125141,1189,-3
1464305164158474,1190,-3
1464305164191807,1191,-3
1464305164225141,1192,-3
1464305164258474,1193,-3
1464305164291807,1194,-2.5
1464305164325141,1195,-2.5
1464305164358474,1196,-2.5
1464305164391807,1197,-2.5
1464305164425141,1198,-2.5
1464305164458474,1199,-2.5
1464305164491807,1200,-2.5
1464305164525141,1201,-2.5
1464305164558474,1202,-2.5
1464305164591807,1203,-2.5
1464305164625141,1204,-2.5
1464305164658474,1205,-2.5
1464305164691807,1206,-2
1464305164725141,1207,-2
1464305164758474,1208,-2
1464305164791807,1209,-2
1464305164825141,1210,-2
1464305164858474,1211,-2
1464305164891807,1212,-2
1464305164925141,1213,-2
1464305164958474,1214,-2
1464305164991807,1215,-2
1464305165025141,1216,-2
1464305165058474,1217,-2
1464305165091807,1218,-2
1464305165125141,1219,-2
1464305165158474,1220,-2
1464305165191807,1221,-2
1464305165225141,1222,-2
1464305165258474,1223,-2
1464305165291807,1224,-2
1464305165325141,1225,-2
1464305165358474,1226,-2
1464305165391807,1227,-2
1464305165425141,1228,-2
1464305165458474,1229,-2
1464305165491807,1230,-2
1464305165525141,1231,-1.5
1464305165558474,1232,-1.5
1464305165591807,1233,-1.5
1464305165625141,1234,-1.5
1464305165658474,1235,-1.5
1464305165691807,1236,-1.5
1464305165725141,1237,-1.5
1464305165758474,1238,-1.5
1464305165791807,1239,-1.5
1464305165825141,1240,-1.5
1464305165858474,1241,-1.5
1464305165891807,1242,-1.5
1464305165925141,1243,-1.5
1464305165958474,1244,-1.5
1464305165991807,1245,-1.5
1464305166025141,1246,-1.5
1464305166058474,1247,-1.5
1464305166091807,1248,-1.5
1464305166125141,1249,-1.5
1464305166158474,1250,-1.5
1464305166191807,1251,-1.5
1464305166225141,1252,-1.5
1464305166258474,1253,-1.5
1464305166291807,1254,-1.5
1464305166325141,1255,-1.5
1464305166358474,1256,-1.5
1464305166391807,1257,-2
1464305166425141,1258,-2
1464305166458474,1259,-2
1464305166491807,1260,-2
1464305166525141,1261,-2
1464305166558474,1262,-2
1464305166591807,1263,-2
1464305166625141,1264,-2
1464305166658474,1265,-2
1464305166691807,1266,-2
1464305166725141,1267,-2
1464305166758474,1268,-2
1464305166791807,1269,-2
1464305166825141,1270,-2
1464305166858474,1271,-2
1464305166891807,1272,-2
1464305166925141,1273,-2
1464305166958474,1274,-2
1464305166991807,1275,-2
1464305167025141,1276,-2
1464305167058474,1277,-2
1464305167091807,1278,-2
1464305167125141,1279,-2
1464305167158474,1280,-2.5
1464305167191807,1281,-2.5
1464305167225141,1282,-2
1464305167258474,1283,-2
1464305167291807,1284,-2
1464305167325141,1285,-2
1464305167358474,1286,-2
1464305167391807,1287,-2
1464305167425141,1288,-2
1464305167458474,1289,-2
1464305167491807,1290,-2
1464305167525141,1291,-2
1464305167558474,1292,-2
1464305167591807,1293,-2
1464305167625141,1294,-2
1464305167658474,1295,-2
1464305167691807,1296,-1.5
1464305167725141,1297,-1.5
1464305167758474,1298,-1.5
1464305167791807,1299,-1.5
1464305167825141,1300,-1.5
1464305167858474,1301,-1.5
1464305167891807,1302,-1.5
1464305167925141,1303,-1.5
1464305167958474,1304,-1.5
1464305167991807,1305,-1.5
1464305168025141,1306,-1.5
1464305168058474,1307,-1.5
1464305168091807,1308,-2
1464305168125141,1309,-2
1464305168158474,1310,-2
1464305168191807,1311,-2
1464305168225141,1312,-2
1464305168258474,1313,-2
1464305168291807,1314,-2
1464305168325141,1315,-2
1464305168358474,1316,-2
1464305168391807,1317,-2
1464305168425141,1318,-2
1464305168458474,1319,-2
1464305168491807,1320,-2
1464305168525141,1321,-2
1464305168558474,1322,-2
1464305168591807,1323,-2
1464305168625141,1324,-2
1464305168658474,1325,-2
1464305168691807,1326,-2
1464305168725141,1327,-1.5
1464305168758474,1328,-1.5
1464305168791807,1329,-1.5
1464305168825141,1330,-1.5
1464305168858474,1331,-1.5
1464305168891807,1332,-1.5
1464305168925141,1333,-1.5
1464305168958474,1334,-1.5
1464305168991807,1335,-1.5
1464305169025141,1336,-1
1464305169058474,1337,-1
1464305169091807,1338,-1
1464305169125141,1339,-1
1464305169158474,1340,-1
1464305169191807,1341,-1
1464305169225141,1342,-1
1464305169258474,1343,-1
1464305169291807,1344,-1
1464305169325141,1345,-1
1464305169358474,1346,-1
1464305169391807,1347,-0.5
1464305169425141,1348,-0.5
1464305169458474,1349,0
1464305169491807,1350,0
1464305169525141,1351,0
1464305169558474,1352,0
1464305169591807,1353,0
1464305169625141,1354,0
1464305169658474,1355,0
1464305169691807,1356,0
1464305169725141,1357,0
1464305169758474,1358,0
1464305169791807,1359,0
1464305169825141,1360,0
1464305169858474,1361,0
1464305169891807,1362,-0.5
1464305169925141,1363,-0.5
1464305169958474,1364,-0.5
1464305169991807,1365,-1
1464305170025141,1366,-1
1464305170058474,1367,-1
1464305170091807,1368,-1
1464305170125141,1369,-1
1464305170158474,1370,-1
1464305170191807,1371,-1
1464305170225141,1372,-1
1464305170258474,1373,-1
1464305170291807,1374,-1
1464305170325141,1375,-1.5
1464305170358474,1376,-1.5
1464305170391807,1377,-1.5
1464305170425141,1378,-1.5
1464305170458474,1379,-1.5
1464305170491807,1380,-1.5
1464305170525141,1381,-1.5
1464305170558474,1382,-1.5
1464305170591807,1383,-1.5
1464305170625141,1384,-1.5
1464305170658474,1385,-1.5
1464305170691807,1386,-1
1464305170725141,1387,-1
1464305170758474,1388,-1
1464305170791807,1389,-1
1464305170825141,1390,-1
1464305170858474,1391,-1
1464305170891807,1392,-1
1464305170925141,1393,-1
1464305170958474,1394,-1
1464305170991807,1395,-1
1464305171025141,1396,-1
1464305171058474,1397,-1
1464305171091807,1398,-1
1464305171125141,1399,-1
1464305171158474,1400,-1
1464305171191807,1401,-1
1464305171225141,1402,-1
1464305171258474,1403,-1
1464305171291807,1404,-1
1464305171325141,1405,-1
1464305171358474,1406,-1
1464305171391807,1407,-1
1464305171425141,1408,-0.5
1464305171458474,1409,-0.5
1464305171491807,1410,-0.5
1464305171525141,1411,-0.5
1464305171558474,1412,-0.5
1464305171591807,1413,-0.5
1464305171625141,1414,-0.5
1464305171658474,1415,-0.5
1464305171691807,1416,-0.5
1464305171725141,1417,0
1464305171758474,1418,0
1464305171791807,1419,0
1464305171825141,1420,0
1464305171858474,1421,0
1464305171891807,1422,0
1464305171925141,1423,0
1464305171958474,1424,0
1464305171991807,1425,0
1464305172025141,1426,0.5
1464305172058474,1427,0.5
1464305172091807,1428,0.5
1464305172125141,1429,0.5
1464305172158474,1430,0.5
1464305172191807,1431,0.5
1464305172225141,1432,0.5
1464305172258474,1433,0.5
1464305172291807,1434,0.5
1464305172325141,1435,0.5
1464305172358474,1436,0.5
1464305172391807,1437,0.5
1464305172425141,1438,0.5
1464305172458474,1439,0.5
1464305172491807,1440,0.5
1464305172525141,1441,0.5
1464305172558474,1442,0.5
1464305172591807,1443,0.5
1464305172625141,1444,0.5
1464305172658474,1445,0.5
1464305172691807,1446,0.5
1464305172725141,1447,0.5
1464305172758474,1448,0.5
1464305172791807,1449,0.5
1464305172825141,1450,0.5
1464305172858474,1451,0.5
1464305172891807,1452,0.5
1464305172925141,1453,0.5
1464305172958474,1454,0.5
1464305172991807,1455,0
1464305173025141,1456,0
1464305173058474,1457,0
1464305173091807,1458,-0.5
1464305173125141,1459,-0.5
1464305173158474,1460,-0.5
1464305173191807,1461,-0.5
1464305173225141,1462,-0.5
1464305173258474,1463,-0.5
1464305173291807,1464,-0.5
1464305173325141,1465,-0.5
1464305173358474,1466,-0.5
1464305173391807,1467,-0.5
1464305173425141,1468,-0.5
1464305173458474,1469,-0.5
1464305173491807,1470,-0.5
1464305173525141,1471,0
1464305173558474,1472,0
1464305173591807,1473,0
1464305173625141,1474,0
1464305173658474,1475,0
1464305173691807,1476,0.5
1464305173725141,1477,0.5
1464305173758474,1478,0.5
1464305173791807,1479,0.5
1464305173825141,1480,0.5
1464305173858474,1481,1
1464305173891807,1482,1
1464305173925141,1483,1
1464305173958474,1484,1
1464305173991807,1485,1
1464305174025141,1486,1
1464305174058474,1487,1
1464305174091807,1488,1
1464305174125141,1489,1
1464305174158474,1490,1
1464305174191807,1491,1
1464305174225141,1492,1
1464305174258474,1493,1
1464305174291807,1494,1
1464305174325141,1495,1
1464305174358474,1496,0.5
1464305174391807,1497,0.5
1464305174425141,1498,0.5
1464305174458474,1499,0.5
1464305174491807,1500,0
1464305174525141,1501,0
1464305174558474,1502,0
1464305174591807,1503,0
1464305174625141,1504,-0.5
1464305174658474,1505,-0.5
1464305174691807,1506,-0.5
1464305174725141,1507,-0.5
1464305174758474,1508,-1
1464305174791807,1509,-1
1464305174825141,1510,-1
1464305174858474,1511,-1
1464305174891807,1512,-1
1464305174925141,1513,-1
1464305174958474,1514,-1
1464305174991807,1515,-1
1464305175025141,1516,-1.5
1464305175058474,1517,-1.5
1464305175091807,1518,-1.5
1464305175125141,1519,-1.5
1464305175158474,1520,-1.5
1464305175191807,1521,-1.5
1464305175225141,1522,-1.5
1464305175258474,1523,-1.5
1464305175291807,1524,-1.5
1464305175325141,1525,-1.5
1464305175358474,1526,-1.5
1464305175391807,1527,-1.5
1464305175425141,1528,-1.5
1464305175458474,1529,-1
1464305175491807,1530,-1
1464305175525141,1531,-1
1464305175558474,1532,-1
1464305175591807,1533,-1
1464305175625141,1534,-1
1464305175658474,1535,-1
1464305175691807,1536,-0.5
1464305175725141,1537,-0.5
1464305175758474,1538,-0.5
1464305175791807,1539,-0.5
1464305175825141,1540,-0.5
1464305175858474,1541,-0.5
1464305175891807,1542,-0.5
1464305175925141,1543,-0.5
1464305175958474,1544,-0.5
1464305175991807,1545,-0.5
1464305176025141,1546,-0.5
1464305176058474,1547,0
1464305176091807,1548,0
1464305176125141,1549,0
1464305176158474,1550,0
1464305176191807,1551,0
1464305176225141,1552,0
1464305176258474,1553,0
1464305176291807,1554,0.5
1464305176325141,1555,0.5
1464305176358474,1556,0.5
1464305176391807,1557,0.5
1464305176425141,1558,0.5
1464305176458474,1559,0.5
1464305176491807,1560,0.5
1464305176525141,1561,0.5
1464305176558474,1562,0.5
1464305176591807,1563,0.5
1464305176625141,1564,0.5
1464305176658474,1565,0.5
1464305176691807,1566,0.5
1464305176725141,1567,0.5
1464305176758474,1568,0.5
1464305176791807,1569,0.5
1464305176825141,1570,0.5
1464305176858474,1571,0.5
1464305176891807,1572,0.5
1464305176925141,1573,0.5
1464305176958474,1574,0.5
1464305176991807,1575,0.5
1464305177025141,1576,0.5
1464305177058474,1577,0.5
1464305177091807,1578,0.5
1464305177125141,1579,0.5
1464305177158474,1580,0.5
1464305177191807,1581,0.5
1464305177225141,1582,0.5
1464305177258474,1583,0.5
1464305177291807,1584,0.5
1464305177325141,1585,0.5
1464305177358474,1586,0.5
1464305177391807,1587,0.5
1464305177425141,1588,0.5
1464305177458474,1589,0.5
1464305177491807,1590,0.5
1464305177525141,1591,0.5
1464305177558474,1592,0.5
1464305177591807,1593,0.5
1464305177625141,1594,1
1464305177658474,1595,1
1464305177691807,1596,1
1464305177725141,1597,1
1464305177758474,1598,0.5
1464305177791807,1599,0.5
1464305177825141,1600,0.5
1464305177858474,1601,0.5
1464305177891807,1602,0.5
1464305177925141,1603,0.5
1464305177958474,1604,0.5
1464305177991807,1605,0.5
1464305178025141,1606,0.5
1464305178058474,1607,0.5
1464305178091807,1608,0.5
1464305178125141,1609,0.5
1464305178158474,1610,0.5
1464305178191807,1611,0.5
1464305178225141,1612,0.5
1464305178258474,1613,0.5
1464305178291807,1614,0.5
1464305178325141,1615,0.5
1464305178358474,1616,0.5
1464305178391807,1617,0.5
1464305178425141,1618,0.5
1464305178458474,1619,0.5
1464305178491807,1620,0.5
1464305178525141,1621,0.5
1464305178558474,1622,0.5
1464305178591807,1623,0.5
1464305178625141,1624,1
1464305178658474,1625,1
1464305178691807,1626,1
1464305178725141,1627,1
1464305178758474,1628,1
1464305178791807,1629,1
1464305178825141,1630,0.5
1464305178858474,1631,0.5
1464305178891807,1632,0.5
1464305178925141,1633,0.5
1464305178958474,1634,0.5
1464305178991807,1635,0.5
1464305179025141,1636,0.5
1464305179058474,1637,0.5
1464305179091807,1638,0.5
1464305179125141,1639,0.5
1464305179158474,1640,0.5
1464305179191807,1641,0.5
1464305179225141,1642,0.5
1464305179258474,1643,1
1464305179291807,1644,1
1464305179325141,1645,1
1464305179358474,1646,1
1464305179391807,1647,1
1464305179425141,1648,1
1464305179458474,1649,1
1464305179491807,1650,1
1464305179525141,1651,1
1464305179558474,1652,1
1464305179591807,1653,1
1464305179625141,1654,1
1464305179658474,1655,1
1464305179691807,1656,1
1464305179725141,1657,1
1464305179758474,1658,1
1464305179791807,1659,1
1464305179825141,1660,1
1464305179858474,1661,1
1464305179891807,1662,1
1464305179925141,1663,1
1464305179958474,1664,1
1464305179991807,1665,1
1464305180025141,1666,1
1464305180058474,1667,1
1464305180091807,1668,1
1464305180125141,1669,1
1464305180158474,1670,1
1464305180191807,1671,1
1464305180225141,1672,1
1464305180258474,1673,1
1464305180291807,1674,1
1464305180325141,1675,1
1464305180358474,1676,1
1464305180391807,1677,1
1464305180425141,1678,1.5
1464305180458474,1679,1.5
1464305180491807,1680,1.5
1464305180525141,1681,1.5
1464305180558474,1682,1.5
1464305180591807,1683,1.5
1464305180625141,1684,1.5
1464305180658474,1685,1.5
1464305180691807,1686,1.5
1464305180725141,1687,1.5
1464305180758474,1688,1.5
1464305180791807,1689,1.5
1464305180825141,1690,1.5
1464305180858474,1691,1.5
1464305180891807,1692,1.5
1464305180925141,1693,1.5
1464305180958474,1694,1.5
1464305180991807,1695,2
1464305181025141,1696,2
1464305181058474,1697,2
1464305181091807,1698,2
1464305181125141,1699,2
1464305181158474,1700,2
1464305181191807,1701,2
1464305181225141,1702,2
1464305181258474,1703,2
1464305181291807,1704,2.5
1464305181325141,1705,2.5
1464305181358474,1706,2.5
1464305181391807,1707,2.5
1464305181425141,1708,2.5
1464305181458474,1709,2.5
1464305181491807,1710,2.5
1464305181525141,1711,2.5
1464305181558474,1712,2.5
1464305181591807,1713,2.5
1464305181625141,1714,2.5
1464305181658474,1715,2.5
1464305181691807,1716,2.5
1464305181725141,1717,2.5
1464305181758474,1718,2.5
1464305181791807,1719,2.5
1464305181825141,1720,2.5
1464305181858474,1721,2.5
1464305181891807,1722,2
1464305181925141,1723,2
1464305181958474,1724,2
1464305181991807,1725,2
1464305182025141,1726,2
1464305182058474,1727,2
1464305182091807,1728,2
1464305182125141,1729,2
1464305182158474,1730,2
1464305182191807,1731,2
1464305182225141,1732,2
1464305182258474,1733,2
1464305182291807,1734,2
1464305182325141,1735,2
1464305182358474,1736,2
1464305182391807,1737,2
1464305182425141,1738,2
1464305182458474,1739,2
1464305182491807,1740,2
1464305182525141,1741,2.5
1464305182558474,1742,2.5
1464305182591807,1743,2.5
1464305182625141,1744,2.5
1464305182658474,1745,2.5
1464305182691807,1746,2.5
1464305182725141,1747,2.5
1464305182758474,1748,3
1464305182791807,1749,3
1464305182825141,1750,3
1464305182858474,1751,3
1464305182891807,1752,3
1464305182925141,1753,3
1464305182958474,1754,3
1464305182991807,1755,3
1464305183025141,1756,3
1464305183058474,1757,3
1464305183091807,1758,2.5
1464305183125141,1759,2.5
1464305183158474,1760,2.5
1464305183191807,1761,2.5
1464305183225141,1762,2.5
1464305183258474,1763,2.5
1464305183291807,1764,2.5
1464305183325141,1765,2.5
1464305183358474,1766,2.5
1464305183391807,1767,2.5
1464305183425141,1768,2.5
1464305183458474,1769,2.5
1464305183491807,1770,2.5
1464305183525141,1771,2.5
1464305183558474,1772,2.5
1464305183591807,1773,2.5
1464305183625141,1774,2.5
1464305183658474,1775,2.5
1464305183691807,1776,2.5
1464305183725141,1777,2.5
1464305183758474,1778,3
1464305183791807,1779,3
1464305183825141,1780,3
1464305183858474,1781,3
1464305183891807,1782,3
1464305183925141,1783,3
1464305183958474,1784,3
1464305183991807,1785,3
1464305184025141,1786,3
1464305184058474,1787,3
1464305184091807,1788,3
1464305184125141,1789,3
1464305184158474,1790,3
1464305184191807,1791,3
1464305184225141,1792,2.5
1464305184258474,1793,2.5
1464305184291807,1794,2.5
1464305184325141,1795,2
1464305184358474,1796,2
1464305184391807,1797,2
1464305184425141,1798,2
1464305184458474,1799,2
1464305184491807,1800,1.5
1464305184525141,1801,1.5
1464305184558474,1802,1.5
1464305184591807,1803,1.5
1464305184625141,1804,1.5
1464305184658474,1805,1.5
1464305184691807,1806,1.5
1464305184725141,1807,1
1464305184758474,1808,1
1464305184791807,1809,1
1464305184825141,1810,1
1464305184858474,1811,1
1464305184891807,1812,1
1464305184925141,1813,1.5
1464305184958474,1814,1.5
1464305184991807,1815,1
1464305185025141,1816,1
1464305185058474,1817,1
1464305185091807,1818,1
1464305185125141,1819,1
1464305185158474,1820,1
1464305185191807,1821,1
1464305185225141,1822,1
1464305185258474,1823,1
1464305185291807,1824,1
1464305185325141,1825,1
1464305185358474,1826,1
1464305185391807,1827,1.5
1464305185425141,1828,1.5
1464305185458474,1829,1.5
1464305185491807,1830,1.5
1464305185525141,1831,1.5
1464305185558474,1832,1.5
1464305185591807,1833,1.5
1464305185625141,1834,1.5
1464305185658474,1835,1.5
1464305185691807,1836,1.5
1464305185725141,1837,1
1464305185758474,1838,1
1464305185791807,1839,1
1464305185825141,1840,0.5
1464305185858474,1841,0.5
1464305185891807,1842,0.5
1464305185925141,1843,0.5
1464305185958474,1844,0.5
1464305185991807,1845,0.5
1464305186025141,1846,0.5
1464305186058474,1847,0.5
1464305186091807,1848,0.5
1464305186125141,1849,0.5
1464305186158474,1850,0.5
1464305186191807,1851,0.5
1464305186225141,1852,0.5
1464305186258474,1853,0.5
1464305186291807,1854,0.5
1464305186325141,1855,0.5
1464305186358474,1856,0.5
1464305186391807,1857,0.5
1464305186425141,1858,0.5
1464305186458474,1859,0.5
1464305186491807,1860,0.5
1464305186525141,1861,1
1464305186558474,1862,1
1464305186591807,1863,1
1464305186625141,1864,1
1464305186658474,1865,1
1464305186691807,1866,1
1464305186725141,1867,1
1464305186758474,1868,1
1464305186791807,1869,1
1464305186825141,1870,1
1464305186858474,1871,1
1464305186891807,1872,1.5
1464305186925141,1873,1.5
1464305186958474,1874,1.5
1464305186991807,1875,1.5
1464305187025141,1876,1.5
1464305187058474,1877,1.5
1464305187091807,1878,1.5
1464305187125141,1879,2
1464305187158474,1880,2
1464305187191807,1881,2
1464305187225141,1882,2
1464305187258474,1883,2
1464305187291807,1884,2
1464305187325141,1885,2
1464305187358474,1886,2.5
1464305187391807,1887,2.5
1464305187425141,1888,2.5
1464305187458474,1889,2.5
1464305187491807,1890,2.5
1464305187525141,1891,2.5
1464305187558474,1892,2.5
1464305187591807,1893,2.5
1464305187625141,1894,2.5
1464305187658474,1895,2.5
1464305187691807,1896,2.5
1464305187725141,1897,2.5
1464305187758474,1898,2.5
1464305187791807,1899,2
1464305187825141,1900,2
1464305187858474,1901,2
1464305187891807,1902,2
1464305187925141,1903,1.5
1464305187958474,1904,1.5
1464305187991807,1905,1.5
1464305188025141,1906,1.5
1464305188058474,1907,1.5
1464305188091807,1908,1.5
1464305188125141,1909,1.5
1464305188158474,1910,1.5
1464305188191807,1911,1.5
1464305188225141,1912,1.5
1464305188258474,1913,1.5
1464305188291807,1914,1.5
1464305188325141,1915,1.5
1464305188358474,1916,1.5
1464305188391807,1917,1.5
1464305188425141,1918,1.5
1464305188458474,1919,2
1464305188491807,1920,2
1464305188525141,1921,2
1464305188558474,1922,2
1464305188591807,1923,2
1464305188625141,1924,2
1464305188658474,1925,2
1464305188691807,1926,2
1464305188725141,1927,2
1464305188758474,1928,2
1464305188791807,1929,2
1464305188825141,1930,1.5
1464305188858474,1931,1.5
1464305188891807,1932,1
1464305188925141,1933,1
1464305188958474,1934,0.5
1464305188991807,1935,0.5
1464305189025141,1936,0.5
1464305189058474,1937,0
1464305189091807,1938,0
1464305189125141,1939,0
1464305189158474,1940,0
1464305189191807,1941,0
1464305189225141,1942,0
1464305189258474,1943,0
1464305189291807,1944,0
1464305189325141,1945,0
1464305189358474,1946,0
1464305189391807,1947,0
1464305189425141,1948,0
1464305189458474,1949,0
1464305189491807,1950,0
1464305189525141,1951,0.5
1464305189558474,1952,0.5
1464305189591807,1953,0.5
1464305189625141,1954,0.5
1464305189658474,1955,0.5
1464305189691807,1956,0.5
1464305189725141,1957,0.5
1464305189758474,1958,0.5
1464305189791807,1959,0.5
1464305189825141,1960,0
1464305189858474,1961,0
1464305189891807,1962,0
1464305189925141,1963,0
1464305189958474,1964,0
1464305189991807,1965,-0.5
1464305190025141,1966,-0.5
1464305190058474,1967,-1
1464305190091807,1968,-1
1464305190125141,1969,-1
1464305190158474,1970,-1
1464305190191807,1971,-1
1464305190225141,1972,-1
1464305190258474,1973,-1
1464305190291807,1974,-1
1464305190325141,1975,-1
1464305190358474,1976,-1
1464305190391807,1977,-1
1464305190425141,1978,-1
1464305190458474,1979,-1
1464305190491807,1980,-1
1464305190525141,1981,-1
1464305190558474,1982,-1
1464305190591807,1983,-1
1464305190625141,1984,-1
1464305190658474,1985,-1.5
1464305190691807,1986,-1.5
1464305190725141,1987,-1.5
1464305190758474,1988,-1.5
1464305190791807,1989,-1.5
1464305190825141,1990,-1.5
1464305190858474,1991,-1.5
1464305190891807,1992,-1.5
1464305190925141,1993,-1.5
1464305190958474,1994,-1.5
1464305190991807,1995,-1
1464305191025141,1996,-1
1464305191058474,1997,-1
1464305191091807,1998,-1
1464305191125141,1999,-1
1464305191158474,2000,-1
1464305191191807,2001,-0.5
1464305191225141,2002,-0.5
1464305191258474,2003,-0.5
1464305191291807,2004,-0.5
1464305191325141,2005,-0.5
1464305191358474,2006,-0.5
1464305191391807,2007,-0.5
1464305191425141,2008,-0.5
1464305191458474,2009,-0.5
1464305191491807,2010,-0.5
1464305191525141,2011,-0.5
1464305191558474,2012,-0.5
1464305191591807,2013,-0.5
1464305191625141,2014,-1
1464305191658474,2015,-1
1464305191691807,2016,-1
1464305191725141,2017,-1.5
1464305191758474,2018,-1.5
1464305191791807,2019,-1.5
1464305191825141,2020,-1.5
1464305191858474,2021,-1.5
1464305191891807,2022,-1.5
1464305191925141,2023,-1.5
1464305191958474,2024,-1.5
1464305191991807,2025,-1.5
1464305192025141,2026,-1.5
1464305192058474,2027,-1.5
1464305192091807,2028,-1.5
1464305192125141,2029,-2
1464305192158474,2030,-2
1464305192191807,2031,-2
1464305192225141,2032,-2
1464305192258474,2033,-2.5
1464305192291807,2034,-2.5
1464305192325141,2035,-2.5
1464305192358474,2036,-2.5
1464305192391807,2037,-2.5
1464305192425141,2038,-2.5
1464305192458474,2039,-2.5
1464305192491807,2040,-2.5
1464305192525141,2041,-2.5
1464305192558474,2042,-2.5
1464305192591807,2043,-2.5
1464305192625141,2044,-2.5
1464305192658474,2045,-2.5
1464305192691807,2046,-2.5
1464305192725141,2047,-2.5
1464305192758474,2048,-2.5
1464305192791807,2049,-2.5
1464305192825141,2050,-2.5
1464305192858474,2051,-2.5
1464305192891807,2052,-2.5
1464305192925141,2053,-2.5
1464305192958474,2054,-2.5
1464305192991807,2055,-2.5
1464305193025141,2056,-2.5
1464305193058474,2057,-2.5
1464305193091807,2058,-2.5
1464305193125141,2059,-2.5
1464305193158474,2060,-2
1464305193191807,2061,-2
1464305193225141,2062,-2
1464305193258474,2063,-2
1464305193291807,2064,-2
1464305193325141,2065,-2
1464305193358474,2066,-2
1464305193391807,2067,-2
1464305193425141,2068,-2
1464305193458474,2069,-2
1464305193491807,2070,-2
1464305193525141,2071,-2
1464305193558474,2072,-1.5
1464305193591807,2073,-1.5
1464305193625141,2074,-1.5
1464305193658474,2075,-1.5
1464305193691807,2076,-1.5
1464305193725141,2077,-1.5
1464305193758474,2078,-1.5
1464305193791807,2079,-1.5
1464305193825141,2080,-1.5
1464305193858474,2081,-1.5
1464305193891807,2082,-2
1464305193925141,2083,-2
1464305193958474,2084,-2
1464305193991807,2085,-2
1464305194025141,2086,-2
1464305194058474,2087,-2
1464305194091807,2088,-2
1464305194125141,2089,-2.5
1464305194158474,2090,-2.5
1464305194191807,2091,-2.5
1464305194225141,2092,-2.5
1464305194258474,2093,-2.5
1464305194291807,2094,-3
1464305194325141,2095,-3
1464305194358474,2096,-3
1464305194391807,2097,-3
1464305194425141,2098,-3
1464305194458474,2099,-3
1464305194491807,2100,-3
1464305194525141,2101,-3
1464305194558474,2102,-3
1464305194591807,2103,-3
1464305194625141,2104,-2.5
1464305194658474,2105,-2.5
1464305194691807,2106,-2.5
1464305194725141,2107,-2.5
1464305194758474,2108,-2.5
1464305194791807,2109,-2.5
1464305194825141,2110,-2.5
1464305194858474,2111,-2.5
1464305194891807,2112,-2
1464305194925141,2113,-2
1464305194958474,2114,-2
1464305194991807,2115,-2
1464305195025141,2116,-2
1464305195058474,2117,-2
1464305195091807,2118,-2
1464305195125141,2119,-1.5
1464305195158474,2120,-1.5
1464305195191807,2121,-1.5
1464305195225141,2122,-1.5
1464305195258474,2123,-1.5
1464305195291807,2124,-1.5
1464305195325141,2125,-1.5
1464305195358474,2126,-1.5
1464305195391807,2127,-1.5
1464305195425141,2128,-1.5
1464305195458474,2129,-1.5
1464305195491807,2130,-1.5
1464305195525141,2131,-1.5
1464305195558474,2132,-1.5
1464305195591807,2133,-1.5
1464305195625141,2134,-1.5
1464305195658474,2135,-2
1464305195691807,2136,-2
1464305195725141,2137,-2
1464305195758474,2138,-2
1464305195791807,2139,-2
1464305195825141,2140,-2
1464305195858474,2141,-2
1464305195891807,2142,-2
1464305195925141,2143,-2
1464305195958474,2144,-2
1464305195991807,2145,-2
1464305196025141,2146,-2
1464305196058474,2147,-2
1464305196091807,2148,-2
1464305196125141,2149,-2
1464305196158474,2150,-1.5
1464305196191807,2151,-1.5
1464305196225141,2152,-1.5
1464305196258474,2153,-1.5
1464305196291807,2154,-1.5
1464305196325141,2155,-1.5
1464305196358474,2156,-1.5
1464305196391807,2157,-1.5
1464305196425141,2158,-1.5
1464305196458474,2159,-1.5
1464305196491807,2160,-1.5
1464305196525141,2161,-1.5
1464305196558474,2162,-1.5
1464305196591807,2163,-1.5
1464305196625141,2164,-1.5
1464305196658474,2165,-1.5
1464305196691807,2166,-1.5
1464305196725141,2167,-1.5
1464305196758474,2168,-1.5
1464305196791807,2169,-1.5
1464305196825141,2170,-1.5
1464305196858474,2171,-1.5
1464305196891807,2172,-1.5
1464305196925141,2173,-1.5
1464305196958474,2174,-1.5
1464305196991807,2175,-1.5
1464305197025141,2176,-1.5
1464305197058474,2177,-1.5
1464305197091807,2178,-1.5
1464305197125141,2179,-1.5
1464305197158474,2180,-1
1464305197191807,2181,-1
1464305197225141,2182,-1
1464305197258474,2183,-1
1464305197291807,2184,-1
1464305197325141,2185,-1
1464305197358474,2186,-1
1464305197391807,2187,-1
1464305197425141,2188,-1
1464305197458474,2189,-1
1464305197491807,2190,-1
1464305197525141,2191,-1
1464305197558474,2192,-1
1464305197591807,2193,-1
1464305197625141,2194,-1
1464305197658474,2195,-1
1464305197691807,2196,-1
1464305197725141,2197,-1
1464305197758474,2198,-1
1464305197791807,2199,-1
1464305197825141,2200,-1
1464305197858474,2201,-1
1464305197891807,2202,-1
1464305197925141,2203,-1
1464305197958474,2204,-1
1464305197991807,2205,-1
1464305198025141,2206,-1
1464305198058474,2207,-1.5
1464305198091807,2208,-1.5
1464305198125141,2209,-2
1464305198158474,2210,-2
1464305198191807,2211,-2
1464305198225141,2212,-2.5
1464305198258474,2213,-2.5
1464305198291807,2214,-2.5
1464305198325141,2215,-2.5
1464305198358474,2216,-2.5
1464305198391807,2217,-3
1464305198425141,2218,-3
1464305198458474,2219,-3
1464305198491807,2220,-3
1464305198525141,2221,-3
1464305198558474,2222,-3
1464305198591807,2223,-3
1464305198625141,2224,-3
1464305198658474,2225,-3
1464305198691807,2226,-3.5
1464305198725141,2227,-3.5
1464305198758474,2228,-3.5
1464305198791807,2229,-3.5
1464305198825141,2230,-3.5
1464305198858474,2231,-3.5
1464305198891807,2232,-3.5
1464305198925141,2233,-3.5
1464305198958474,2234,-3.5
1464305198991807,2235,-3.5
1464305199025141,2236,-3
1464305199058474,2237,-3
1464305199091807,2238,-3
1464305199125141,2239,-3
1464305199158474,2240,-3
1464305199191807,2241,-3
1464305199225141,2242,-3
1464305199258474,2243,-3
1464305199291807,2244,-2.5
1464305199325141,2245,-2.5
1464305199358474,2246,-2.5
1464305199391807,2247,-2.5
1464305199425141,2248,-2.5
1464305199458474,2249,-2
1464305199491807,2250,-2
1464305199525141,2251,-2
1464305199558474,2252,-2
1464305199591807,2253,-2
1464305199625141,2254,-2
1464305199658474,2255,-2
1464305199691807,2256,-2
1464305199725141,2257,-2
1464305199758474,2258,-2
1464305199791807,2259,-2
1464305199825141,2260,-2
1464305199858474,2261,-2
1464305199891807,2262,-2
1464305199925141,2263,-2
1464305199958474,2264,-2
1464305199991807,2265,-2
1464305200025141,2266,-2
1464305200058474,2267,-2
1464305200091807,2268,-2
1464305200125141,2269,-2
1464305200158474,2270,-2
1464305200191807,2271,-2
1464305200225141,2272,-2
1464305200258474,2273,-2
1464305200291807,2274,-2
1464305200325141,2275,-2
1464305200358474,2276,-2
1464305200391807,2277,-2
1464305200425141,2278,-2
1464305200458474,2279,-2
1464305200491807,2280,-2
1464305200525141,2281,-2
1464305200558474,2282,-2
1464305200591807,2283,-2
1464305200625141,2284,-2
1464305200658474,2285,-2
1464305200691807,2286,-2
1464305200725141,2287,-2
1464305200758474,2288,-2
1464305200791807,2289,-2
1464305200825141,2290,-2
1464305200858474,2291,-2
1464305200891807,2292,-2
1464305200925141,2293,-2
1464305200958474,2294,-2
1464305200991807,2295,-2
1464305201025141,2296,-2
1464305201058474,2297,-2
1464305201091807,2298,-2
1464305201125141,2299,-2
1464305201158474,2300,-2
1464305201191807,2301,-2
1464305201225141,2302,-2
1464305201258474,2303,-2
1464305201291807,2304,-2
1464305201325141,2305,-2
1464305201358474,2306,-2
1464305201391807,2307,-2
1464305201425141,2308,-2
1464305201458474,2309,-2
1464305201491807,2310,-2
1464305201525141,2311,-2
1464305201558474,2312,-2
1464305201591807,2313,-2
1464305201625141,2314,-2
1464305201658474,2315,-2
1464305201691807,2316,-2
1464305201725141,2317,-2
1464305201758474,2318,-2
1464305201791807,2319,-2
1464305201825141,2320,-2
1464305201858474,2321,-2
1464305201891807,2322,-2
1464305201925141,2323,-2
1464305201958474,2324,-2
1464305201991807,2325,-2
1464305202025141,2326,-2
1464305202058474,2327,-2
1464305202091807,2328,-2
1464305202125141,2329,-2
1464305202158474,2330,-2
1464305202191807,2331,-2
1464305202225141,2332,-2
1464305202258474,2333,-2
1464305202291807,2334,-2
1464305202325141,2335,-2
1464305202358474,2336,-2
1464305202391807,2337,-2
1464305202425141,2338,-2.5
1464305202458474,2339,-2.5
1464305202491807,2340,-2.5
1464305202525141,2341,-2
1464305202558474,2342,-2
1464305202591807,2343,-2
1464305202625141,2344,-2
1464305202658474,2345,-2
1464305202691807,2346,-2
1464305202725141,2347,-2
1464305202758474,2348,-2
1464305202791807,2349,-2.5
1464305202825141,2350,-2.5
1464305202858474,2351,-2.5
1464305202891807,2352,-2.5
1464305202925141,2353,-2.5
1464305202958474,2354,-2.5
1464305202991807,2355,-2.5
1464305203025141,2356,-2.5
1464305203058474,2357,-2.5
1464305203091807,2358,-2.5
1464305203125141,2359,-2.5
1464305203158474,2360,-2.5
1464305203191807,2361,-2.5
1464305203225141,2362,-2
1464305203258474,2363,-2
1464305203291807,2364,-2
1464305203325141,2365,-2
1464305203358474,2366,-2
1464305203391807,2367,-2
1464305203425141,2368,-2
1464305203458474,2369,-2
1464305203491807,2370,-2
1464305203525141,2371,-2
1464305203558474,2372,-2
1464305203591807,2373,-2
1464305203625141,2374,-2
1464305203658474,2375,-2
1464305203691807,2376,-2
1464305203725141,2377,-2
1464305203758474,2378,-2
1464305203791807,2379,-2
1464305203825141,2380,-2
1464305203858474,2381,-2
1464305203891807,2382,-2
1464305203925141,2383,-2
1464305203958474,2384,-2
1464305203991807,2385,-2
1464305204025141,2386,-2
1464305204058474,2387,-2
1464305204091807,2388,-2
1464305204125141,2389,-2
1464305204158474,2390,-2
1464305204191807,2391,-2
1464305204225141,2392,-2
1464305204258474,2393,-2.5
1464305204291807,2394,-2.5
1464305204325141,2395,-2.5
1464305204358474,2396,-2.5
1464305204391807,2397,-2.5
1464305204425141,2398,-2
1464305204458474,2399,-2
1464305204491807,2400,-2
1464305204525141,2401,-2
1464305204558474,2402,-2
1464305204591807,2403,-2
1464305204625141,2404,-2
1464305204658474,2405,-2
1464305204691807,2406,-2
1464305204725141,2407,-2
1464305204758474,2408,-2
1464305204791807,2409,-2
1464305204825141,2410,-2
1464305204858474,2411,-2
1464305204891807,2412,-2
1464305204925141,2413,-2
1464305204958474,2414,-2
1464305204991807,2415,-2
1464305205025141,2416,-2
1464305205058474,2417,-2.5
1464305205091807,2418,-2.5
1464305205125141,2419,-2.5
1464305205158474,2420,-2.5
1464305205191807,2421,-2.5
1464305205225141,2422,-2.5
1464305205258474,2423,-2.5
1464305205291807,2424,-2.5
1464305205325141,2425,-2.5
1464305205358474,2426,-2.5
1464305205391807,2427,-2.5
1464305205425141,2428,-2.5
1464305205458474,2429,-2.5
1464305205491807,2430,-2.5
1464305205525141,2431,-2.5
1464305205558474,2432,-2.5
1464305205591807,2433,-3
1464305205625141,2434,-3
1464305205658474,2435,-3
1464305205691807,2436,-3
1464305205725141,2437,-3
1464305205758474,2438,-3
1464305205791807,2439,-3
1464305205825141,2440,-3
1464305205858474,2441,-3
1464305205891807,2442,-3
1464305205925141,2443,-3
1464305205958474,2444,-3
1464305205991807,2445,-3
1464305206025141,2446,-3
1464305206058474,2447,-3
1464305206091807,2448,-3
1464305206125141,2449,-3
1464305206158474,2450,-3
1464305206191807,2451,-3
1464305206225141,2452,-3
1464305206258474,2453,-3
1464305206291807,2454,-3
1464305206325141,2455,-3
1464305206358474,2456,-3
1464305206391807,2457,-3
1464305206425141,2458,-3
1464305206458474,2459,-3
1464305206491807,2460,-3
1464305206525141,2461,-3
1464305206558474,2462,-3
1464305206591807,2463,-3
1464305206625141,2464,-3
1464305206658474,2465,-3
1464305206691807,2466,-3
1464305206725141,2467,-3
1464305206758474,2468,-3
1464305206791807,2469,-3
1464305206825141,2470,-3
1464305206858474,2471,-3
1464305206891807,2472,-3
1464305206925141,2473,-3
1464305206958474,2474,-3
1464305206991807,2475,-3
1464305207025141,2476,-3
1464305207058474,2477,-3
1464305207091807,2478,-3
1464305207125141,2479,-3
1464305207158474,2480,-3
1464305207191807,2481,-3
1464305207225141,2482,-3
1464305207258474,2483,-3
1464305207291807,2484,-3
1464305207325141,2485,-3
1464305207358474,2486,-3
1464305207391807,2487,-3
1464305207425141,2488,-3
1464305207458474,2489,-3
1464305207491807,2490,-3
1464305207525141,2491,-3
1464305207558474,2492,-3
1464305207591807,2493,-2.5
1464305207625141,2494,-2.5
1464305207658474,2495,-2.5
1464305207691807,2496,-2.5
1464305207725141,2497,-2.5
1464305207758474,2498,-2.5
1464305207791807,2499,-2.5
1464305207825141,2500,-2.5
1464305207858474,2501,-2.5
1464305207891807,2502,-2.5
1464305207925141,2503,-2.5
1464305207958474,2504,-2.5
1464305207991807,2505,-2.5
1464305208025141,2506,-2.5
1464305208058474,2507,-2.5
1464305208091807,2508,-2.5
1464305208125141,2509,-2.5
1464305208158474,2510,-2.5
1464305208191807,2511,-2.5
1464305208225141,2512,-2.5
1464305208258474,2513,-2.5
1464305208291807,2514,-2.5
1464305208325141,2515,-2.5
1464305208358474,2516,-2.5
1464305208391807,2517,-2.5
1464305208425141,2518,-2.5
1464305208458474,2519,-2.5
1464305208491807,2520,-2.5
1464305208525141,2521,-2.5
1464305208558474,2522,-2.5
1464305208591807,2523,-2.5
1464305208625141,2524,-2.5
1464305208658474,2525,-2.5
1464305208691807,2526,-2.5
1464305208725141,2527,-2.5
1464305208758474,2528,-2.5
1464305208791807,2529,-2.5
1464305208825141,2530,-2
1464305208858474,2531,-2
1464305208891807,2532,-2
1464305208925141,2533,-2
1464305208958474,2534,-2
1464305208991807,2535,-2
1464305209025141,2536,-2
1464305209058474,2537,-1.5
1464305209091807,2538,-1.5
1464305209125141,2539,-1.5
1464305209158474,2540,-1.5
1464305209191807,2541,-1
1464305209225141,2542,-1
1464305209258474,2543,-1
1464305209291807,2544,-1
1464305209325141,2545,-1.5
1464305209358474,2546,-1.5
1464305209391807,2547,-1.5
1464305209425141,2548,-1.5
1464305209458474,2549,-1.5
1464305209491807,2550,-1.5
1464305209525141,2551,-1.5
1464305209558474,2552,-1.5
1464305209591807,2553,-1.5
1464305209625141,2554,-1.5
1464305209658474,2555,-2
1464305209691807,2556,-2
1464305209725141,2557,-2
1464305209758474,2558,-2
1464305209791807,2559,-2
1464305209825141,2560,-2
1464305209858474,2561,-2
1464305209891807,2562,-2
1464305209925141,2563,-2
1464305209958474,2564,-2
1464305209991807,2565,-2
1464305210025141,2566,-2
1464305210058474,2567,-2
1464305210091807,2568,-2
1464305210125141,2569,-2
1464305210158474,2570,-2
1464305210191807,2571,-2
1464305210225141,2572,-2
1464305210258474,2573,-2
1464305210291807,2574,-2
1464305210325141,2575,-1.5
1464305210358474,2576,-1.5
1464305210391807,2577,-1.5
1464305210425141,2578,-1.5
1464305210458474,2579,-1.5
1464305210491807,2580,-1.5
1464305210525141,2581,-1.5
1464305210558474,2582,-1.5
1464305210591807,2583,-1.5
1464305210625141,2584,-1.5
1464305210658474,2585,-2
1464305210691807,2586,-2
1464305210725141,2587,-2
1464305210758474,2588,-1.5
1464305210791807,2589,-1.5
1464305210825141,2590,-1.5
1464305210858474,2591,-1.5
1464305210891807,2592,-2
1464305210925141,2593,-2
1464305210958474,2594,-2
1464305210991807,2595,-2
1464305211025141,2596,-2
1464305211058474,2597,-2
1464305211091807,2598,-2
1464305211125141,2599,-2
1464305211158474,2600,-2
1464305211191807,2601,-2
1464305211225141,2602,-2
1464305211258474,2603,-2
1464305211291807,2604,-2
1464305211325141,2605,-2
1464305211358474,2606,-2
1464305211391807,2607,-2
1464305211425141,2608,-2
1464305211458474,2609,-2
1464305211491807,2610,-2
1464305211525141,2611,-2
1464305211558474,2612,-2
1464305211591807,2613,-2
1464305211625141,2614,-2
1464305211658474,2615,-1.5
1464305211691807,2616,-1.5
1464305211725141,2617,-1.5
1464305211758474,2618,-1.5
1464305211791807,2619,-1
1464305211825141,2620,-1
1464305211858474,2621,-1
1464305211891807,2622,-1
1464305211925141,2623,-1
1464305211958474,2624,-1
1464305211991807,2625,-1
1464305212025141,2626,-1
1464305212058474,2627,-1
1464305212091807,2628,-1
1464305212125141,2629,-1
1464305212158474,2630,-1
1464305212191807,2631,-1
1464305212225141,2632,-1
1464305212258474,2633,-1
1464305212291807,2634,-1
1464305212325141,2635,-1
1464305212358474,2636,-1
1464305212391807,2637,-1
1464305212425141,2638,-1
1464305212458474,2639,-1
1464305212491807,2640,-1
1464305212525141,2641,-1
1464305212558474,2642,-1
1464305212591807,2643,-1
1464305212625141,2644,-1
1464305212658474,2645,-1
1464305212691807,2646,-1
1464305212725141,2647,-1
1464305212758474,2648,-1
1464305212791807,2649,-0.5
1464305212825141,2650,-0.5
1464305212858474,2651,-0.5
1464305212891807,2652,-0.5
1464305212925141,2653,-0.5
1464305212958474,2654,-0.5
1464305212991807,2655,-0.5
1464305213025141,2656,-0.5
1464305213058474,2657,-0.5
1464305213091807,2658,-0.5
1464305213125141,2659,-0.5
1464305213158474,2660,-0.5
1464305213191807,2661,-0.5
1464305213225141,2662,-0.5
1464305213258474,2663,-0.5
1464305213291807,2664,-0.5
1464305213325141,2665,-0.5
1464305213358474,2666,-0.5
1464305213391807,2667,-0.5
1464305213425141,2668,-0.5
1464305213458474,2669,-0.5
1464305213491807,2670,-0.5
1464305213525141,2671,-0.5
1464305213558474,2672,-0.5
1464305213591807,2673,-0.5
1464305213625141,2674,-0.5
1464305213658474,2675,-0.5
1464305213691807,2676,-0.5
1464305213725141,2677,-0.5
1464305213758474,2678,-0.5
1464305213791807,2679,-1
1464305213825141,2680,-1
1464305213858474,2681,-1
1464305213891807,2682,-0.5
1464305213925141,2683,-0.5
1464305213958474,2684,-0.5
1464305213991807,2685,-0.5
1464305214025141,2686,-0.5
1464305214058474,2687,-0.5
1464305214091807,2688,-0.5
1464305214125141,2689,-0.5
1464305214158474,2690,-0.5
1464305214191807,2691,-0.5
1464305214225141,2692,-0.5
1464305214258474,2693,-0.5
1464305214291807,2694,-0.5
1464305214325141,2695,-0.5
1464305214358474,2696,-1
1464305214391807,2697,-1
1464305214425141,2698,-0.5
1464305214458474,2699,-0.5
